regime,regime_label,library,transform,status,supported,early_stopped,num_successful_runs,median_throughput,mean_throughput,std_throughput,cv_throughput,ci95,gpu_peak_allocated_mb,gpu_peak_reserved_mb,reason,source_files,measured,gpu_peak_allocated_gb,gpu_peak_reserved_gb
rgb_dataloader_gpu,GPU DataLoader,dali,RandomCrop224+Affine+Normalize+ToTensor,ok,True,False,3,3805.9735959036593,3784.291232201276,79.65970361596415,0.0210500986124228,90.14344059943572,3000.0,3000.0,,gcp_runs/prod-g2-standard-16-rgb-dataloader-dali/results/image-rgb/pipeline/dali_decode_dataloader_augment_n10000_r3_w8_b256_dev-cuda_results.json,True,2.9296875,2.9296875
rgb_dataloader_gpu,GPU DataLoader,dali,RandomCrop224+Brightness+Normalize+ToTensor,ok,True,False,3,3797.7690459193823,3803.249056472066,33.53753372433794,0.0088181271398112,37.951292082457215,3096.0,3096.0,,gcp_runs/prod-g2-standard-16-rgb-dataloader-dali/results/image-rgb/pipeline/dali_decode_dataloader_augment_n10000_r3_w8_b256_dev-cuda_results.json,True,3.0234375,3.0234375
rgb_dataloader_gpu,GPU DataLoader,dali,RandomCrop224+CLAHE+Normalize+ToTensor,ok,True,False,3,3730.619752153531,3663.9977474314414,140.24761368863938,0.0382772106743124,158.70511513202365,3016.0,3016.0,,gcp_runs/prod-g2-standard-16-rgb-dataloader-dali/results/image-rgb/pipeline/dali_decode_dataloader_augment_n10000_r3_w8_b256_dev-cuda_results.json,True,2.9453125,2.9453125
rgb_dataloader_gpu,GPU DataLoader,dali,RandomCrop224+ColorJiggle+Normalize+ToTensor,ok,True,False,3,3742.4719932595017,3727.377016186757,34.02830424870299,0.009129289605245,38.50665121138811,3016.0,3016.0,,gcp_runs/prod-g2-standard-16-rgb-dataloader-dali/results/image-rgb/pipeline/dali_decode_dataloader_augment_n10000_r3_w8_b256_dev-cuda_results.json,True,2.9453125,2.9453125
rgb_dataloader_gpu,GPU DataLoader,dali,RandomCrop224+ColorJitter+Normalize+ToTensor,ok,True,False,3,3817.766756272008,3798.6431393471903,100.46265925136032,0.0264469852960773,113.68420099006592,3080.0,3080.0,,gcp_runs/prod-g2-standard-16-rgb-dataloader-dali/results/image-rgb/pipeline/dali_decode_dataloader_augment_n10000_r3_w8_b256_dev-cuda_results.json,True,3.0078125,3.0078125
rgb_dataloader_gpu,GPU DataLoader,dali,RandomCrop224+Contrast+Normalize+ToTensor,ok,True,False,3,3759.255675616503,3791.113636810044,73.3483298311862,0.0193474363624994,83.00144882638385,3048.0,3048.0,,gcp_runs/prod-g2-standard-16-rgb-dataloader-dali/results/image-rgb/pipeline/dali_decode_dataloader_augment_n10000_r3_w8_b256_dev-cuda_results.json,True,2.9765625,2.9765625
rgb_dataloader_gpu,GPU DataLoader,dali,RandomCrop224+Equalize+Normalize+ToTensor,ok,True,False,3,3823.90627268608,3809.7749278091833,49.7903795265154,0.0130691131287242,56.343118484467105,3080.0,3080.0,,gcp_runs/prod-g2-standard-16-rgb-dataloader-dali/results/image-rgb/pipeline/dali_decode_dataloader_augment_n10000_r3_w8_b256_dev-cuda_results.json,True,3.0078125,3.0078125
rgb_dataloader_gpu,GPU DataLoader,dali,RandomCrop224+Erasing+Normalize+ToTensor,ok,True,False,3,3791.3937358743783,3788.8767161468822,44.94162144772908,0.0118614631234115,50.856232191702695,3064.0,3064.0,,gcp_runs/prod-g2-standard-16-rgb-dataloader-dali/results/image-rgb/pipeline/dali_decode_dataloader_augment_n10000_r3_w8_b256_dev-cuda_results.json,True,2.9921875,2.9921875
rgb_dataloader_gpu,GPU DataLoader,dali,RandomCrop224+GaussianBlur+Normalize+ToTensor,ok,True,False,3,3700.910678501528,3704.861697033209,83.70450656533554,0.0225931528381652,94.72056601984728,3048.0,3048.0,,gcp_runs/prod-g2-standard-16-rgb-dataloader-dali/results/image-rgb/pipeline/dali_decode_dataloader_augment_n10000_r3_w8_b256_dev-cuda_results.json,True,2.9765625,2.9765625
rgb_dataloader_gpu,GPU DataLoader,dali,RandomCrop224+GaussianNoise+Normalize+ToTensor,ok,True,False,3,3820.015122339706,3791.805503093698,59.709849906973375,0.015747076124621,67.56805591744393,3096.0,3096.0,,gcp_runs/prod-g2-standard-16-rgb-dataloader-dali/results/image-rgb/pipeline/dali_decode_dataloader_augment_n10000_r3_w8_b256_dev-cuda_results.json,True,3.0234375,3.0234375
rgb_dataloader_gpu,GPU DataLoader,dali,RandomCrop224+HorizontalFlip+Normalize+ToTensor,ok,True,False,3,3722.446227351875,3760.86299471516,76.2335296512262,0.0202702224883892,86.2663597762051,3112.0,3112.0,,gcp_runs/prod-g2-standard-16-rgb-dataloader-dali/results/image-rgb/pipeline/dali_decode_dataloader_augment_n10000_r3_w8_b256_dev-cuda_results.json,True,3.0390625,3.0390625
rgb_dataloader_gpu,GPU DataLoader,dali,RandomCrop224+Hue+Normalize+ToTensor,ok,True,False,3,3784.169050853031,3785.6108787998783,5.279819192906207,0.0013947073172454,5.974677863302025,3032.0,3032.0,,gcp_runs/prod-g2-standard-16-rgb-dataloader-dali/results/image-rgb/pipeline/dali_decode_dataloader_augment_n10000_r3_w8_b256_dev-cuda_results.json,True,2.9609375,2.9609375
rgb_dataloader_gpu,GPU DataLoader,dali,RandomCrop224+JpegCompression+Normalize+ToTensor,ok,True,False,3,3786.2142519257072,3779.561534170596,23.558982458294707,0.0062332580764463,26.659498333695037,3032.0,3032.0,,gcp_runs/prod-g2-standard-16-rgb-dataloader-dali/results/image-rgb/pipeline/dali_decode_dataloader_augment_n10000_r3_w8_b256_dev-cuda_results.json,True,2.9609375,2.9609375
rgb_dataloader_gpu,GPU DataLoader,dali,RandomCrop224+Normalize+ToTensor,ok,True,False,3,3589.13204342457,3621.791219307175,73.23381453307142,0.020220330245066,82.87186256752575,3032.0,3032.0,,gcp_runs/prod-g2-standard-16-rgb-dataloader-dali/results/image-rgb/pipeline/dali_decode_dataloader_augment_n10000_r3_w8_b256_dev-cuda_results.json,True,2.9609375,2.9609375
rgb_dataloader_gpu,GPU DataLoader,dali,RandomCrop224+Pad+Normalize+ToTensor,ok,True,False,3,3756.133175292844,3764.720459888504,77.94109774927968,0.0207030239242751,88.19865498230386,3064.0,3064.0,,gcp_runs/prod-g2-standard-16-rgb-dataloader-dali/results/image-rgb/pipeline/dali_decode_dataloader_augment_n10000_r3_w8_b256_dev-cuda_results.json,True,2.9921875,2.9921875
rgb_dataloader_gpu,GPU DataLoader,dali,RandomCrop224+Resize+Normalize+ToTensor,ok,True,False,3,3523.1399410311906,3548.9474013000727,61.155043728963406,0.0172318822495257,69.2034466800719,3016.0,3016.0,,gcp_runs/prod-g2-standard-16-rgb-dataloader-dali/results/image-rgb/pipeline/dali_decode_dataloader_augment_n10000_r3_w8_b256_dev-cuda_results.json,True,2.9453125,2.9453125
rgb_dataloader_gpu,GPU DataLoader,dali,RandomCrop224+Rotate+Normalize+ToTensor,ok,True,False,3,3808.5365410948593,3800.3997394476582,63.33485913429425,0.0166653150922221,71.67014002173275,3112.0,3112.0,,gcp_runs/prod-g2-standard-16-rgb-dataloader-dali/results/image-rgb/pipeline/dali_decode_dataloader_augment_n10000_r3_w8_b256_dev-cuda_results.json,True,3.0390625,3.0390625
rgb_dataloader_gpu,GPU DataLoader,dali,RandomCrop224+SaltAndPepper+Normalize+ToTensor,ok,True,False,3,3824.420277623381,3784.796577602474,75.79361264566425,0.0200258088094332,85.76854682110383,3032.0,3032.0,,gcp_runs/prod-g2-standard-16-rgb-dataloader-dali/results/image-rgb/pipeline/dali_decode_dataloader_augment_n10000_r3_w8_b256_dev-cuda_results.json,True,2.9609375,2.9609375
rgb_dataloader_gpu,GPU DataLoader,dali,RandomCrop224+Saturation+Normalize+ToTensor,ok,True,False,3,3792.4858839285966,3793.880954714052,29.720713464372004,0.0078338550468861,33.632153361559304,3000.0,3000.0,,gcp_runs/prod-g2-standard-16-rgb-dataloader-dali/results/image-rgb/pipeline/dali_decode_dataloader_augment_n10000_r3_w8_b256_dev-cuda_results.json,True,2.9296875,2.9296875
rgb_dataloader_gpu,GPU DataLoader,dali,RandomCrop224+Shear+Normalize+ToTensor,ok,True,False,3,3771.7445775432057,3793.433995534591,53.910126894684026,0.014211431372773,61.005051498397705,3112.0,3112.0,,gcp_runs/prod-g2-standard-16-rgb-dataloader-dali/results/image-rgb/pipeline/dali_decode_dataloader_augment_n10000_r3_w8_b256_dev-cuda_results.json,True,3.0390625,3.0390625
rgb_dataloader_gpu,GPU DataLoader,dali,RandomCrop224+VerticalFlip+Normalize+ToTensor,ok,True,False,3,3766.215919065848,3741.241331513169,118.23119757889438,0.0316021307107379,133.79119494762156,3096.0,3096.0,,gcp_runs/prod-g2-standard-16-rgb-dataloader-dali/results/image-rgb/pipeline/dali_decode_dataloader_augment_n10000_r3_w8_b256_dev-cuda_results.json,True,3.0234375,3.0234375
rgb_dataloader_gpu,GPU DataLoader,dali,RandomResizedCrop+Normalize+ToTensor,ok,True,False,3,3898.103782305846,3855.6369121927496,103.1019743004638,0.0267405818152696,116.67086712805512,3016.0,3016.0,,gcp_runs/prod-g2-standard-16-rgb-dataloader-dali/results/image-rgb/pipeline/dali_decode_dataloader_augment_n10000_r3_w8_b256_dev-cuda_results.json,True,2.9453125,2.9453125
rgb_dataloader_gpu,GPU DataLoader,kornia,RandomCrop224+AutoContrast+Normalize+ToTensor,ok,True,False,3,695.2233787045891,698.8937966447012,6.889006881452961,0.009857015349866,7.79564515581386,605.37451171875,3526.0,,gcp_runs/prod-g2-standard-16-rgb-dataloader-gpu-kornia-preflight256-r3-fixed/results/image-rgb/pipeline/kornia_decode_dataloader_augment_n10000_r3_w8_b256_dev-cuda_results.json,True,0.5911860466003418,3.443359375
rgb_dataloader_gpu,GPU DataLoader,kornia,RandomCrop224+Blur+Normalize+ToTensor,ok,True,False,3,683.668554783329,681.9655076371658,7.226132229108582,0.0105960377001254,8.177138399844313,608.0244140625,7202.0,,gcp_runs/prod-g2-standard-16-rgb-dataloader-gpu-kornia-preflight256-r3-fixed/results/image-rgb/pipeline/kornia_decode_dataloader_augment_n10000_r3_w8_b256_dev-cuda_results.json,True,0.5937738418579102,7.033203125
rgb_dataloader_gpu,GPU DataLoader,kornia,RandomCrop224+Brightness+Normalize+ToTensor,ok,True,False,3,682.9002251811008,682.9764068358446,8.120611454097153,0.011890032178006,9.189336929654406,605.39453125,7202.0,,gcp_runs/prod-g2-standard-16-rgb-dataloader-gpu-kornia-preflight256-r3-fixed/results/image-rgb/pipeline/kornia_decode_dataloader_augment_n10000_r3_w8_b256_dev-cuda_results.json,True,0.5912055969238281,7.033203125
rgb_dataloader_gpu,GPU DataLoader,kornia,RandomCrop224+CLAHE+Normalize+ToTensor,ok,True,False,3,163.27219057633374,163.7814643218899,1.0532729656941426,0.0064309656166224,1.1918905633363908,2753.60107421875,7202.0,,gcp_runs/prod-g2-standard-16-rgb-dataloader-gpu-kornia-preflight256-r3-fixed/results/image-rgb/pipeline/kornia_decode_dataloader_augment_n10000_r3_w8_b256_dev-cuda_results.json,True,2.689063549041748,7.033203125
rgb_dataloader_gpu,GPU DataLoader,kornia,RandomCrop224+ChannelDropout+Normalize+ToTensor,ok,True,False,3,690.2662088675203,690.596228852376,3.5215729065780996,0.0050993225266089,3.985034888544167,605.40087890625,7202.0,,gcp_runs/prod-g2-standard-16-rgb-dataloader-gpu-kornia-preflight256-r3-fixed/results/image-rgb/pipeline/kornia_decode_dataloader_augment_n10000_r3_w8_b256_dev-cuda_results.json,True,0.5912117958068848,7.033203125
rgb_dataloader_gpu,GPU DataLoader,kornia,RandomCrop224+ChannelShuffle+Normalize+ToTensor,ok,True,False,3,677.7554076186278,677.5992839260958,5.399453254133927,0.007968504958932,6.110056547912006,597.16650390625,3356.0,,gcp_runs/prod-g2-standard-16-rgb-dataloader-gpu-kornia-preflight256-r3-fixed/results/image-rgb/pipeline/kornia_decode_dataloader_augment_n10000_r3_w8_b256_dev-cuda_results.json,True,0.5831704139709473,3.27734375
rgb_dataloader_gpu,GPU DataLoader,kornia,RandomCrop224+ColorJiggle+Normalize+ToTensor,ok,True,False,3,553.2029964713204,552.4890642955239,1.4803395382275235,0.0026794006142277,1.6751618845399057,2271.4296875,7202.0,,gcp_runs/prod-g2-standard-16-rgb-dataloader-gpu-kornia-preflight256-r3-fixed/results/image-rgb/pipeline/kornia_decode_dataloader_augment_n10000_r3_w8_b256_dev-cuda_results.json,True,2.2181930541992188,7.033203125
rgb_dataloader_gpu,GPU DataLoader,kornia,RandomCrop224+ColorJitter+Normalize+ToTensor,ok,True,False,3,612.8243495580465,614.2056595841112,8.233689426914738,0.0134054274792744,9.31729670182388,2263.16357421875,3356.0,,gcp_runs/prod-g2-standard-16-rgb-dataloader-gpu-kornia-preflight256-r3-fixed/results/image-rgb/pipeline/kornia_decode_dataloader_augment_n10000_r3_w8_b256_dev-cuda_results.json,True,2.210120677947998,3.27734375
rgb_dataloader_gpu,GPU DataLoader,kornia,RandomCrop224+Contrast+Normalize+ToTensor,ok,True,False,3,689.8646917902493,690.4872088010416,1.5510589365459304,0.0022463253725426,1.7551884173057846,605.39697265625,7202.0,,gcp_runs/prod-g2-standard-16-rgb-dataloader-gpu-kornia-preflight256-r3-fixed/results/image-rgb/pipeline/kornia_decode_dataloader_augment_n10000_r3_w8_b256_dev-cuda_results.json,True,0.5912079811096191,7.033203125
rgb_dataloader_gpu,GPU DataLoader,kornia,RandomCrop224+CornerIllumination+Normalize+ToTensor,ok,True,False,3,411.5049001867358,412.1344402963843,5.085895597773164,0.0123403799840548,5.755232657191552,605.40478515625,7202.0,,gcp_runs/prod-g2-standard-16-rgb-dataloader-gpu-kornia-preflight256-r3-fixed/results/image-rgb/pipeline/kornia_decode_dataloader_augment_n10000_r3_w8_b256_dev-cuda_results.json,True,0.5912156105041504,7.033203125
rgb_dataloader_gpu,GPU DataLoader,kornia,RandomCrop224+Elastic+Normalize+ToTensor,ok,True,False,3,330.54085329268577,330.32162605591793,0.4986951170223364,0.0015097259085843,0.5643266497105397,695.52880859375,2474.0,,gcp_runs/prod-g2-standard-16-rgb-dataloader-gpu-kornia-preflight256-r3-fixed/results/image-rgb/pipeline/kornia_decode_dataloader_augment_n10000_r3_w8_b256_dev-cuda_results.json,True,0.679227352142334,2.416015625
rgb_dataloader_gpu,GPU DataLoader,kornia,RandomCrop224+Equalize+Normalize+ToTensor,ok,True,False,3,322.11149232882553,322.693877932451,1.155238697224819,0.0035799833099611,1.3072756507292027,605.37646484375,3526.0,,gcp_runs/prod-g2-standard-16-rgb-dataloader-gpu-kornia-preflight256-r3-fixed/results/image-rgb/pipeline/kornia_decode_dataloader_augment_n10000_r3_w8_b256_dev-cuda_results.json,True,0.5911879539489746,3.443359375
rgb_dataloader_gpu,GPU DataLoader,kornia,RandomCrop224+Erasing+Normalize+ToTensor,ok,True,False,3,525.185145186697,522.1272513906302,7.026622634044105,0.0134576822323091,7.951372039748192,642.12744140625,3526.0,,gcp_runs/prod-g2-standard-16-rgb-dataloader-gpu-kornia-preflight256-r3-fixed/results/image-rgb/pipeline/kornia_decode_dataloader_augment_n10000_r3_w8_b256_dev-cuda_results.json,True,0.627077579498291,3.443359375
rgb_dataloader_gpu,GPU DataLoader,kornia,RandomCrop224+GaussianBlur+Normalize+ToTensor,ok,True,False,3,700.2915562212005,703.4751634280468,16.303167870289126,0.0231751861584473,18.448771182767967,599.82421875,3356.0,,gcp_runs/prod-g2-standard-16-rgb-dataloader-gpu-kornia-preflight256-r3-fixed/results/image-rgb/pipeline/kornia_decode_dataloader_augment_n10000_r3_w8_b256_dev-cuda_results.json,True,0.5857658386230469,3.27734375
rgb_dataloader_gpu,GPU DataLoader,kornia,RandomCrop224+GaussianNoise+Normalize+ToTensor,ok,True,False,3,697.7269276672118,698.1559693781468,2.086118057942915,0.0029880401363624,2.360664811736775,744.17578125,3356.0,,gcp_runs/prod-g2-standard-16-rgb-dataloader-gpu-kornia-preflight256-r3-fixed/results/image-rgb/pipeline/kornia_decode_dataloader_augment_n10000_r3_w8_b256_dev-cuda_results.json,True,0.7267341613769531,3.27734375
rgb_dataloader_gpu,GPU DataLoader,kornia,RandomCrop224+Grayscale+Normalize+ToTensor,ok,True,False,3,705.5478708904233,708.1248514031613,6.291065464074106,0.0088841190245028,7.119010744778576,597.16845703125,3356.0,,gcp_runs/prod-g2-standard-16-rgb-dataloader-gpu-kornia-preflight256-r3-fixed/results/image-rgb/pipeline/kornia_decode_dataloader_augment_n10000_r3_w8_b256_dev-cuda_results.json,True,0.5831723213195801,3.27734375
rgb_dataloader_gpu,GPU DataLoader,kornia,RandomCrop224+HorizontalFlip+Normalize+ToTensor,ok,True,False,3,726.209857669062,726.7532216965382,12.685538798653583,0.0174550843669332,14.355038510827454,589.02294921875,2474.0,,gcp_runs/prod-g2-standard-16-rgb-dataloader-gpu-kornia-preflight256-r3-fixed/results/image-rgb/pipeline/kornia_decode_dataloader_augment_n10000_r3_w8_b256_dev-cuda_results.json,True,0.5752177238464355,2.416015625
rgb_dataloader_gpu,GPU DataLoader,kornia,RandomCrop224+Hue+Normalize+ToTensor,ok,True,False,3,717.4385240662245,716.6555440813821,4.517570355865538,0.0063036843755338,5.112112103642403,2124.408203125,7202.0,,gcp_runs/prod-g2-standard-16-rgb-dataloader-gpu-kornia-preflight256-r3-fixed/results/image-rgb/pipeline/kornia_decode_dataloader_augment_n10000_r3_w8_b256_dev-cuda_results.json,True,2.074617385864258,7.033203125
rgb_dataloader_gpu,GPU DataLoader,kornia,RandomCrop224+Invert+Normalize+ToTensor,ok,True,False,3,699.6009792933334,700.0615139917845,1.551862592153534,0.0022167517584343,1.7560978392373008,605.365234375,3356.0,,gcp_runs/prod-g2-standard-16-rgb-dataloader-gpu-kornia-preflight256-r3-fixed/results/image-rgb/pipeline/kornia_decode_dataloader_augment_n10000_r3_w8_b256_dev-cuda_results.json,True,0.5911769866943359,3.27734375
rgb_dataloader_gpu,GPU DataLoader,kornia,RandomCrop224+JpegCompression+Normalize+ToTensor,ok,True,False,3,625.9590234476253,628.0158617162228,7.333477800779016,0.0116772174841863,8.298611349456783,1364.88134765625,3526.0,,gcp_runs/prod-g2-standard-16-rgb-dataloader-gpu-kornia-preflight256-r3-fixed/results/image-rgb/pipeline/kornia_decode_dataloader_augment_n10000_r3_w8_b256_dev-cuda_results.json,True,1.3328919410705566,3.443359375
rgb_dataloader_gpu,GPU DataLoader,kornia,RandomCrop224+LinearIllumination+Normalize+ToTensor,ok,True,False,3,519.736978684275,520.9926932912258,3.643878163481445,0.0069941060794197,4.123436315617215,605.40283203125,7202.0,,gcp_runs/prod-g2-standard-16-rgb-dataloader-gpu-kornia-preflight256-r3-fixed/results/image-rgb/pipeline/kornia_decode_dataloader_augment_n10000_r3_w8_b256_dev-cuda_results.json,True,0.5912137031555176,7.033203125
rgb_dataloader_gpu,GPU DataLoader,kornia,RandomCrop224+LongestMaxSize+Normalize+ToTensor,ok,True,False,3,182.06152707920256,182.15441012158064,0.2078603174491202,0.0011411215205296,0.2352160920568576,2468.4326171875,7202.0,,gcp_runs/prod-g2-standard-16-rgb-dataloader-gpu-kornia-preflight256-r3-fixed/results/image-rgb/pipeline/kornia_decode_dataloader_augment_n10000_r3_w8_b256_dev-cuda_results.json,True,2.410578727722168,7.033203125
rgb_dataloader_gpu,GPU DataLoader,kornia,RandomCrop224+MedianBlur+Normalize+ToTensor,ok,True,False,3,342.1625465410375,342.44122376680093,1.5429606627673396,0.0045057678681176,1.7460243578355443,4281.38916015625,7202.0,,gcp_runs/prod-g2-standard-16-rgb-dataloader-gpu-kornia-preflight256-r3-fixed/results/image-rgb/pipeline/kornia_decode_dataloader_augment_n10000_r3_w8_b256_dev-cuda_results.json,True,4.181044101715088,7.033203125
rgb_dataloader_gpu,GPU DataLoader,kornia,RandomCrop224+MotionBlur+Normalize+ToTensor,ok,True,False,3,682.8765078652469,683.2976428501782,7.5828903888148895,0.0110974923858731,8.580848262146697,605.3896484375,7202.0,,gcp_runs/prod-g2-standard-16-rgb-dataloader-gpu-kornia-preflight256-r3-fixed/results/image-rgb/pipeline/kornia_decode_dataloader_augment_n10000_r3_w8_b256_dev-cuda_results.json,True,0.5912008285522461,7.033203125
rgb_dataloader_gpu,GPU DataLoader,kornia,RandomCrop224+Normalize+ToTensor,ok,True,False,3,940.8872050229083,930.2187963750904,22.52036761254888,0.0242097533400819,25.48419499457468,442.0205078125,2474.0,,gcp_runs/prod-g2-standard-16-rgb-dataloader-gpu-kornia-preflight256-r3-fixed/results/image-rgb/pipeline/kornia_decode_dataloader_augment_n10000_r3_w8_b256_dev-cuda_results.json,True,0.43166065216064453,2.416015625
rgb_dataloader_gpu,GPU DataLoader,kornia,RandomCrop224+OpticalDistortion+Normalize+ToTensor,ok,True,False,3,655.6144683140878,658.9817996671442,7.854693806641227,0.0119194396728539,8.888422783986142,605.419921875,7202.0,,gcp_runs/prod-g2-standard-16-rgb-dataloader-gpu-kornia-preflight256-r3-fixed/results/image-rgb/pipeline/kornia_decode_dataloader_augment_n10000_r3_w8_b256_dev-cuda_results.json,True,0.5912303924560547,7.033203125
rgb_dataloader_gpu,GPU DataLoader,kornia,RandomCrop224+Perspective+Normalize+ToTensor,ok,True,False,3,688.7585106267198,686.4686677672795,14.090126157575783,0.0205255196910931,15.944478734784648,709.77978515625,2474.0,,gcp_runs/prod-g2-standard-16-rgb-dataloader-gpu-kornia-preflight256-r3-fixed/results/image-rgb/pipeline/kornia_decode_dataloader_augment_n10000_r3_w8_b256_dev-cuda_results.json,True,0.6931443214416504,2.416015625
rgb_dataloader_gpu,GPU DataLoader,kornia,RandomCrop224+PlankianJitter+Normalize+ToTensor,ok,True,False,3,695.0208604777434,691.3403816006899,7.659870435242206,0.0110797382000267,8.667959385179696,605.3857421875,3526.0,,gcp_runs/prod-g2-standard-16-rgb-dataloader-gpu-kornia-preflight256-r3-fixed/results/image-rgb/pipeline/kornia_decode_dataloader_augment_n10000_r3_w8_b256_dev-cuda_results.json,True,0.5911970138549805,3.443359375
rgb_dataloader_gpu,GPU DataLoader,kornia,RandomCrop224+PlasmaBrightness+Normalize+ToTensor,ok,True,False,3,587.5293522680189,579.4676228922432,26.659295139878896,0.046006530972027,30.167832401812937,2148.20068359375,7202.0,,gcp_runs/prod-g2-standard-16-rgb-dataloader-gpu-kornia-preflight256-r3-fixed/results/image-rgb/pipeline/kornia_decode_dataloader_augment_n10000_r3_w8_b256_dev-cuda_results.json,True,2.0978522300720215,7.033203125
rgb_dataloader_gpu,GPU DataLoader,kornia,RandomCrop224+PlasmaContrast+Normalize+ToTensor,ok,True,False,3,583.7719441907659,584.6475665809547,1.8090045421614709,0.0030941795460479,2.0470813483890744,2148.2021484375,7202.0,,gcp_runs/prod-g2-standard-16-rgb-dataloader-gpu-kornia-preflight256-r3-fixed/results/image-rgb/pipeline/kornia_decode_dataloader_augment_n10000_r3_w8_b256_dev-cuda_results.json,True,2.097853660583496,7.033203125
rgb_dataloader_gpu,GPU DataLoader,kornia,RandomCrop224+PlasmaShadow+Normalize+ToTensor,ok,True,False,3,633.5049728119064,624.4423429987324,25.663450815760974,0.0410981912157309,29.04092846415607,825.68115234375,7202.0,,gcp_runs/prod-g2-standard-16-rgb-dataloader-gpu-kornia-preflight256-r3-fixed/results/image-rgb/pipeline/kornia_decode_dataloader_augment_n10000_r3_w8_b256_dev-cuda_results.json,True,0.8063292503356934,7.033203125
rgb_dataloader_gpu,GPU DataLoader,kornia,RandomCrop224+Posterize+Normalize+ToTensor,ok,True,False,3,588.3394628727212,587.537064352519,4.704007521073442,0.00800631620791,5.323085616781081,605.3671875,3526.0,,gcp_runs/prod-g2-standard-16-rgb-dataloader-gpu-kornia-preflight256-r3-fixed/results/image-rgb/pipeline/kornia_decode_dataloader_augment_n10000_r3_w8_b256_dev-cuda_results.json,True,0.5911788940429688,3.443359375
rgb_dataloader_gpu,GPU DataLoader,kornia,RandomCrop224+RGBShift+Normalize+ToTensor,ok,True,False,3,706.4650442624582,708.4758663581568,7.173100507144432,0.0101246928057224,8.117127357099195,597.171875,3356.0,,gcp_runs/prod-g2-standard-16-rgb-dataloader-gpu-kornia-preflight256-r3-fixed/results/image-rgb/pipeline/kornia_decode_dataloader_augment_n10000_r3_w8_b256_dev-cuda_results.json,True,0.5831756591796875,3.27734375
rgb_dataloader_gpu,GPU DataLoader,kornia,RandomCrop224+Rain+Normalize+ToTensor,ok,True,False,3,305.8685155179022,306.18220053314053,0.7871384404165761,0.0025708171116608,0.8907309973094643,605.41796875,7202.0,,gcp_runs/prod-g2-standard-16-rgb-dataloader-gpu-kornia-preflight256-r3-fixed/results/image-rgb/pipeline/kornia_decode_dataloader_augment_n10000_r3_w8_b256_dev-cuda_results.json,True,0.5912284851074219,7.033203125
rgb_dataloader_gpu,GPU DataLoader,kornia,RandomCrop224+RandomGamma+Normalize+ToTensor,ok,True,False,3,690.7553943624863,690.1269360054692,2.77489468864306,0.0040208468092905,3.1400889431034296,605.38330078125,3526.0,,gcp_runs/prod-g2-standard-16-rgb-dataloader-gpu-kornia-preflight256-r3-fixed/results/image-rgb/pipeline/kornia_decode_dataloader_augment_n10000_r3_w8_b256_dev-cuda_results.json,True,0.5911946296691895,3.443359375
rgb_dataloader_gpu,GPU DataLoader,kornia,RandomCrop224+RandomJigsaw+Normalize+ToTensor,ok,True,False,3,667.3473974046982,665.4483879154351,8.159455827735945,0.0122615907948864,9.23329347642505,605.43017578125,7202.0,,gcp_runs/prod-g2-standard-16-rgb-dataloader-gpu-kornia-preflight256-r3-fixed/results/image-rgb/pipeline/kornia_decode_dataloader_augment_n10000_r3_w8_b256_dev-cuda_results.json,True,0.591240406036377,7.033203125
rgb_dataloader_gpu,GPU DataLoader,kornia,RandomCrop224+RandomRotate90+Normalize+ToTensor,ok,True,False,3,659.6019165262983,660.0863006029962,1.0585323069913497,0.0016036271409122,1.1978420682792477,605.43701171875,7202.0,,gcp_runs/prod-g2-standard-16-rgb-dataloader-gpu-kornia-preflight256-r3-fixed/results/image-rgb/pipeline/kornia_decode_dataloader_augment_n10000_r3_w8_b256_dev-cuda_results.json,True,0.5912470817565918,7.033203125
rgb_dataloader_gpu,GPU DataLoader,kornia,RandomCrop224+Resize+Normalize+ToTensor,ok,True,False,3,185.7567468618863,186.12268221341893,0.7576150782638835,0.0040705145082486,0.8573221679804343,2452.02734375,2474.0,,gcp_runs/prod-g2-standard-16-rgb-dataloader-gpu-kornia-preflight256-r3-fixed/results/image-rgb/pipeline/kornia_decode_dataloader_augment_n10000_r3_w8_b256_dev-cuda_results.json,True,2.3945579528808594,2.416015625
rgb_dataloader_gpu,GPU DataLoader,kornia,RandomCrop224+Rotate+Normalize+ToTensor,ok,True,False,3,689.6537267093354,692.9752577437561,6.75683503668874,0.0097504708302114,7.646078633512192,597.15966796875,2474.0,,gcp_runs/prod-g2-standard-16-rgb-dataloader-gpu-kornia-preflight256-r3-fixed/results/image-rgb/pipeline/kornia_decode_dataloader_augment_n10000_r3_w8_b256_dev-cuda_results.json,True,0.5831637382507324,2.416015625
rgb_dataloader_gpu,GPU DataLoader,kornia,RandomCrop224+SaltAndPepper+Normalize+ToTensor,ok,True,False,3,386.1625555731663,385.1355275331386,3.8544595855623793,0.0100080603060716,4.361731627437747,605.419921875,7202.0,,gcp_runs/prod-g2-standard-16-rgb-dataloader-gpu-kornia-preflight256-r3-fixed/results/image-rgb/pipeline/kornia_decode_dataloader_augment_n10000_r3_w8_b256_dev-cuda_results.json,True,0.5912303924560547,7.033203125
rgb_dataloader_gpu,GPU DataLoader,kornia,RandomCrop224+Saturation+Normalize+ToTensor,ok,True,False,3,619.6211243977393,622.3919818857975,6.065487796475316,0.0097454465561998,6.8637455836403705,2124.42236328125,7202.0,,gcp_runs/prod-g2-standard-16-rgb-dataloader-gpu-kornia-preflight256-r3-fixed/results/image-rgb/pipeline/kornia_decode_dataloader_augment_n10000_r3_w8_b256_dev-cuda_results.json,True,2.0746312141418457,7.033203125
rgb_dataloader_gpu,GPU DataLoader,kornia,RandomCrop224+Sharpen+Normalize+ToTensor,ok,True,False,3,654.8437709875276,653.2316500000106,2.837864143516965,0.004344345751644,3.211345589278889,1188.1455078125,3526.0,,gcp_runs/prod-g2-standard-16-rgb-dataloader-gpu-kornia-preflight256-r3-fixed/results/image-rgb/pipeline/kornia_decode_dataloader_augment_n10000_r3_w8_b256_dev-cuda_results.json,True,1.1602983474731445,3.443359375
rgb_dataloader_gpu,GPU DataLoader,kornia,RandomCrop224+SmallestMaxSize+Normalize+ToTensor,ok,True,False,3,182.46859875235128,182.71045664536848,0.815127722038709,0.0044613085479876,0.9224038510962312,2468.4345703125,7202.0,,gcp_runs/prod-g2-standard-16-rgb-dataloader-gpu-kornia-preflight256-r3-fixed/results/image-rgb/pipeline/kornia_decode_dataloader_augment_n10000_r3_w8_b256_dev-cuda_results.json,True,2.410580635070801,7.033203125
rgb_dataloader_gpu,GPU DataLoader,kornia,RandomCrop224+Snow+Normalize+ToTensor,ok,True,False,3,622.9879327586326,623.0925330380481,1.1377470159035643,0.0018259679832081,1.287481949967168,1291.4267578125,7202.0,,gcp_runs/prod-g2-standard-16-rgb-dataloader-gpu-kornia-preflight256-r3-fixed/results/image-rgb/pipeline/kornia_decode_dataloader_augment_n10000_r3_w8_b256_dev-cuda_results.json,True,1.2611589431762695,7.033203125
rgb_dataloader_gpu,GPU DataLoader,kornia,RandomCrop224+Solarize+Normalize+ToTensor,ok,True,False,3,679.1338113225906,680.8290439918472,15.405613575667722,0.0226277267569862,17.433092884088502,936.119140625,3526.0,,gcp_runs/prod-g2-standard-16-rgb-dataloader-gpu-kornia-preflight256-r3-fixed/results/image-rgb/pipeline/kornia_decode_dataloader_augment_n10000_r3_w8_b256_dev-cuda_results.json,True,0.9141788482666016,3.443359375
rgb_dataloader_gpu,GPU DataLoader,kornia,RandomCrop224+ThinPlateSpline+Normalize+ToTensor,ok,True,False,3,624.3865240061135,623.8467635132357,1.5551720763284946,0.0024928751214007,1.7598428731327136,1242.8291015625,7202.0,,gcp_runs/prod-g2-standard-16-rgb-dataloader-gpu-kornia-preflight256-r3-fixed/results/image-rgb/pipeline/kornia_decode_dataloader_augment_n10000_r3_w8_b256_dev-cuda_results.json,True,1.213700294494629,7.033203125
rgb_dataloader_gpu,GPU DataLoader,kornia,RandomCrop224+VerticalFlip+Normalize+ToTensor,ok,True,False,3,725.9602503256966,723.4180417683568,6.208492745953768,0.0085821646509913,7.025570917950964,589.0244140625,2474.0,,gcp_runs/prod-g2-standard-16-rgb-dataloader-gpu-kornia-preflight256-r3-fixed/results/image-rgb/pipeline/kornia_decode_dataloader_augment_n10000_r3_w8_b256_dev-cuda_results.json,True,0.5752191543579102,2.416015625
rgb_dataloader_gpu,GPU DataLoader,kornia,RandomResizedCrop+Normalize+ToTensor,ok,True,False,3,824.5699563823423,808.9889315140191,28.76848631529119,0.0355610382226751,32.554606903890416,442.021484375,2474.0,,gcp_runs/prod-g2-standard-16-rgb-dataloader-gpu-kornia-preflight256-r3-fixed/results/image-rgb/pipeline/kornia_decode_dataloader_augment_n10000_r3_w8_b256_dev-cuda_results.json,True,0.43166160583496094,2.416015625
rgb_dataloader_gpu,GPU DataLoader,torchvision,RandomCrop224+Affine+Normalize+ToTensor,ok,True,False,3,1227.019897725713,1229.0090525287967,34.55184777570576,0.0281135828126019,39.09909648403328,522.6328125,2900.0,,gcp_runs/prod-g2-standard-16-rgb-dataloader-gpu-topup-r2/results/image-rgb/pipeline/torchvision_decode_dataloader_augment_n10000_r2_w8_b256_dev-cuda_results.json;gcp_runs/prod-g2-standard-16-rgb-dataloader-gpu/results/image-rgb/pipeline/torchvision_decode_dataloader_augment_n10000_r1_w8_b256_dev-cuda_results.json,True,0.5103836059570312,2.83203125
rgb_dataloader_gpu,GPU DataLoader,torchvision,RandomCrop224+AutoContrast+Normalize+ToTensor,ok,True,False,3,2044.4539282754893,2026.6695606423907,76.29606008075869,0.0376460285200983,86.33711961843844,522.6435546875,2900.0,,gcp_runs/prod-g2-standard-16-rgb-dataloader-gpu-topup-r2/results/image-rgb/pipeline/torchvision_decode_dataloader_augment_n10000_r2_w8_b256_dev-cuda_results.json;gcp_runs/prod-g2-standard-16-rgb-dataloader-gpu/results/image-rgb/pipeline/torchvision_decode_dataloader_augment_n10000_r1_w8_b256_dev-cuda_results.json,True,0.5103940963745117,2.83203125
rgb_dataloader_gpu,GPU DataLoader,torchvision,RandomCrop224+Brightness+Normalize+ToTensor,ok,True,False,3,2020.340929865038,2020.1968725620948,34.303945605275594,0.0169804963423044,38.8185687697654,522.646484375,2900.0,,gcp_runs/prod-g2-standard-16-rgb-dataloader-gpu-topup-r2/results/image-rgb/pipeline/torchvision_decode_dataloader_augment_n10000_r2_w8_b256_dev-cuda_results.json;gcp_runs/prod-g2-standard-16-rgb-dataloader-gpu/results/image-rgb/pipeline/torchvision_decode_dataloader_augment_n10000_r1_w8_b256_dev-cuda_results.json,True,0.5103969573974609,2.83203125
rgb_dataloader_gpu,GPU DataLoader,torchvision,RandomCrop224+ChannelShuffle+Normalize+ToTensor,ok,True,False,3,2160.796694228768,2109.414698746411,128.68623620359446,0.0610056601388387,145.62218490176426,522.63671875,2900.0,,gcp_runs/prod-g2-standard-16-rgb-dataloader-gpu-topup-r2/results/image-rgb/pipeline/torchvision_decode_dataloader_augment_n10000_r2_w8_b256_dev-cuda_results.json;gcp_runs/prod-g2-standard-16-rgb-dataloader-gpu/results/image-rgb/pipeline/torchvision_decode_dataloader_augment_n10000_r1_w8_b256_dev-cuda_results.json,True,0.5103874206542969,2.83203125
rgb_dataloader_gpu,GPU DataLoader,torchvision,RandomCrop224+ColorJiggle+Normalize+ToTensor,ok,True,False,3,629.1381008876486,632.3693342551978,5.918672439139725,0.0093595184309667,6.697608366925777,522.6494140625,2900.0,,gcp_runs/prod-g2-standard-16-rgb-dataloader-gpu-topup-r2/results/image-rgb/pipeline/torchvision_decode_dataloader_augment_n10000_r2_w8_b256_dev-cuda_results.json;gcp_runs/prod-g2-standard-16-rgb-dataloader-gpu/results/image-rgb/pipeline/torchvision_decode_dataloader_augment_n10000_r1_w8_b256_dev-cuda_results.json,True,0.5103998184204102,2.83203125
rgb_dataloader_gpu,GPU DataLoader,torchvision,RandomCrop224+ColorJitter+Normalize+ToTensor,ok,True,False,3,635.6942958262952,637.4617948426029,7.257361210750677,0.0113847783027414,8.212477319321174,522.6357421875,2900.0,,gcp_runs/prod-g2-standard-16-rgb-dataloader-gpu-topup-r2/results/image-rgb/pipeline/torchvision_decode_dataloader_augment_n10000_r2_w8_b256_dev-cuda_results.json;gcp_runs/prod-g2-standard-16-rgb-dataloader-gpu/results/image-rgb/pipeline/torchvision_decode_dataloader_augment_n10000_r1_w8_b256_dev-cuda_results.json,True,0.5103864669799805,2.83203125
rgb_dataloader_gpu,GPU DataLoader,torchvision,RandomCrop224+Contrast+Normalize+ToTensor,ok,True,False,3,1984.8363831596864,2000.7129855839164,67.16830055993312,0.0335721820390593,76.00808736220266,522.6474609375,2900.0,,gcp_runs/prod-g2-standard-16-rgb-dataloader-gpu-topup-r2/results/image-rgb/pipeline/torchvision_decode_dataloader_augment_n10000_r2_w8_b256_dev-cuda_results.json;gcp_runs/prod-g2-standard-16-rgb-dataloader-gpu/results/image-rgb/pipeline/torchvision_decode_dataloader_augment_n10000_r1_w8_b256_dev-cuda_results.json,True,0.5103979110717773,2.83203125
rgb_dataloader_gpu,GPU DataLoader,torchvision,RandomCrop224+Elastic+Normalize+ToTensor,ok,True,False,3,109.81344772484688,108.95397506468515,1.5132202996063862,0.0138886194717356,1.7123699687490683,522.634765625,2900.0,,gcp_runs/prod-g2-standard-16-rgb-dataloader-gpu-topup-r2/results/image-rgb/pipeline/torchvision_decode_dataloader_augment_n10000_r2_w8_b256_dev-cuda_results.json;gcp_runs/prod-g2-standard-16-rgb-dataloader-gpu/results/image-rgb/pipeline/torchvision_decode_dataloader_augment_n10000_r1_w8_b256_dev-cuda_results.json,True,0.5103855133056641,2.83203125
rgb_dataloader_gpu,GPU DataLoader,torchvision,RandomCrop224+Equalize+Normalize+ToTensor,ok,True,False,3,1489.5846558377843,1492.486930722648,10.510224585565092,0.0070420881879857,11.893438747690082,522.64453125,2900.0,,gcp_runs/prod-g2-standard-16-rgb-dataloader-gpu-topup-r2/results/image-rgb/pipeline/torchvision_decode_dataloader_augment_n10000_r2_w8_b256_dev-cuda_results.json;gcp_runs/prod-g2-standard-16-rgb-dataloader-gpu/results/image-rgb/pipeline/torchvision_decode_dataloader_augment_n10000_r1_w8_b256_dev-cuda_results.json,True,0.5103950500488281,2.83203125
rgb_dataloader_gpu,GPU DataLoader,torchvision,RandomCrop224+Erasing+Normalize+ToTensor,ok,True,False,3,1794.568619344882,1781.2494745354186,41.45095824439568,0.0232707202651705,46.90617492511677,522.6455078125,2900.0,,gcp_runs/prod-g2-standard-16-rgb-dataloader-gpu-topup-r2/results/image-rgb/pipeline/torchvision_decode_dataloader_augment_n10000_r2_w8_b256_dev-cuda_results.json;gcp_runs/prod-g2-standard-16-rgb-dataloader-gpu/results/image-rgb/pipeline/torchvision_decode_dataloader_augment_n10000_r1_w8_b256_dev-cuda_results.json,True,0.5103960037231445,2.83203125
rgb_dataloader_gpu,GPU DataLoader,torchvision,RandomCrop224+GaussianBlur+Normalize+ToTensor,ok,True,False,3,1870.8882475196713,1840.6887475215528,57.55053816061368,0.0312657630129505,65.12456465011475,522.638671875,2900.0,,gcp_runs/prod-g2-standard-16-rgb-dataloader-gpu-topup-r2/results/image-rgb/pipeline/torchvision_decode_dataloader_augment_n10000_r2_w8_b256_dev-cuda_results.json;gcp_runs/prod-g2-standard-16-rgb-dataloader-gpu/results/image-rgb/pipeline/torchvision_decode_dataloader_augment_n10000_r1_w8_b256_dev-cuda_results.json,True,0.5103893280029297,2.83203125
rgb_dataloader_gpu,GPU DataLoader,torchvision,RandomCrop224+Grayscale+Normalize+ToTensor,ok,True,False,3,2188.4190893084324,2176.7131590978647,38.22340173509508,0.0175601463956494,43.2538509109567,522.6376953125,2900.0,,gcp_runs/prod-g2-standard-16-rgb-dataloader-gpu-topup-r2/results/image-rgb/pipeline/torchvision_decode_dataloader_augment_n10000_r2_w8_b256_dev-cuda_results.json;gcp_runs/prod-g2-standard-16-rgb-dataloader-gpu/results/image-rgb/pipeline/torchvision_decode_dataloader_augment_n10000_r1_w8_b256_dev-cuda_results.json,True,0.5103883743286133,2.83203125
rgb_dataloader_gpu,GPU DataLoader,torchvision,RandomCrop224+HorizontalFlip+Normalize+ToTensor,ok,True,False,3,2214.252251525088,2213.5759317799707,8.907192879877256,0.0040238930826804,10.07943760556526,514.50390625,2900.0,,gcp_runs/prod-g2-standard-16-rgb-dataloader-gpu-topup-r2/results/image-rgb/pipeline/torchvision_decode_dataloader_augment_n10000_r2_w8_b256_dev-cuda_results.json;gcp_runs/prod-g2-standard-16-rgb-dataloader-gpu/results/image-rgb/pipeline/torchvision_decode_dataloader_augment_n10000_r1_w8_b256_dev-cuda_results.json,True,0.5024452209472656,2.83203125
rgb_dataloader_gpu,GPU DataLoader,torchvision,RandomCrop224+Invert+Normalize+ToTensor,ok,True,False,3,2211.0762072070224,2202.20249848028,36.34168046594458,0.0165024245004824,41.12448283964027,522.6396484375,2900.0,,gcp_runs/prod-g2-standard-16-rgb-dataloader-gpu-topup-r2/results/image-rgb/pipeline/torchvision_decode_dataloader_augment_n10000_r2_w8_b256_dev-cuda_results.json;gcp_runs/prod-g2-standard-16-rgb-dataloader-gpu/results/image-rgb/pipeline/torchvision_decode_dataloader_augment_n10000_r1_w8_b256_dev-cuda_results.json,True,0.5103902816772461,2.83203125
rgb_dataloader_gpu,GPU DataLoader,torchvision,RandomCrop224+Normalize+ToTensor,ok,True,False,3,2193.3733080488028,2178.329111754261,77.33857319929189,0.0355036219191916,87.5168342684914,477.751953125,2900.0,,gcp_runs/prod-g2-standard-16-rgb-dataloader-gpu-topup-r2/results/image-rgb/pipeline/torchvision_decode_dataloader_augment_n10000_r2_w8_b256_dev-cuda_results.json;gcp_runs/prod-g2-standard-16-rgb-dataloader-gpu/results/image-rgb/pipeline/torchvision_decode_dataloader_augment_n10000_r1_w8_b256_dev-cuda_results.json,True,0.4665546417236328,2.83203125
rgb_dataloader_gpu,GPU DataLoader,torchvision,RandomCrop224+Pad+Normalize+ToTensor,ok,True,False,3,2188.5731723264716,2175.8478351669787,69.10547884365727,0.031760253509802,78.20021095321248,603.626953125,2900.0,,gcp_runs/prod-g2-standard-16-rgb-dataloader-gpu-topup-r2/results/image-rgb/pipeline/torchvision_decode_dataloader_augment_n10000_r2_w8_b256_dev-cuda_results.json;gcp_runs/prod-g2-standard-16-rgb-dataloader-gpu/results/image-rgb/pipeline/torchvision_decode_dataloader_augment_n10000_r1_w8_b256_dev-cuda_results.json,True,0.5894794464111328,2.83203125
rgb_dataloader_gpu,GPU DataLoader,torchvision,RandomCrop224+Perspective+Normalize+ToTensor,ok,True,False,3,795.1240353703205,796.1779407424971,3.4637054809399426,0.0043504162872306,3.919551731955946,522.6337890625,2900.0,,gcp_runs/prod-g2-standard-16-rgb-dataloader-gpu-topup-r2/results/image-rgb/pipeline/torchvision_decode_dataloader_augment_n10000_r2_w8_b256_dev-cuda_results.json;gcp_runs/prod-g2-standard-16-rgb-dataloader-gpu/results/image-rgb/pipeline/torchvision_decode_dataloader_augment_n10000_r1_w8_b256_dev-cuda_results.json,True,0.5103845596313477,2.83203125
rgb_dataloader_gpu,GPU DataLoader,torchvision,RandomCrop224+PhotoMetricDistort+Normalize+ToTensor,ok,True,False,3,585.0306064755446,586.5095283501423,3.856946862849317,0.0065761026486627,4.364546246651626,522.6484375,2900.0,,gcp_runs/prod-g2-standard-16-rgb-dataloader-gpu-topup-r2/results/image-rgb/pipeline/torchvision_decode_dataloader_augment_n10000_r2_w8_b256_dev-cuda_results.json;gcp_runs/prod-g2-standard-16-rgb-dataloader-gpu/results/image-rgb/pipeline/torchvision_decode_dataloader_augment_n10000_r1_w8_b256_dev-cuda_results.json,True,0.5103988647460938,2.83203125
rgb_dataloader_gpu,GPU DataLoader,torchvision,RandomCrop224+Posterize+Normalize+ToTensor,ok,True,False,3,2203.5442015155427,2204.56265481128,19.81990412885415,0.0089904018312198,22.42833288884878,522.640625,2900.0,,gcp_runs/prod-g2-standard-16-rgb-dataloader-gpu-topup-r2/results/image-rgb/pipeline/torchvision_decode_dataloader_augment_n10000_r2_w8_b256_dev-cuda_results.json;gcp_runs/prod-g2-standard-16-rgb-dataloader-gpu/results/image-rgb/pipeline/torchvision_decode_dataloader_augment_n10000_r1_w8_b256_dev-cuda_results.json,True,0.5103912353515625,2.83203125
rgb_dataloader_gpu,GPU DataLoader,torchvision,RandomCrop224+Resize+Normalize+ToTensor,ok,True,False,3,2050.434690954977,2020.4086975142427,103.92932300992582,0.0514397523321853,117.60710032829344,2532.7509765625,2900.0,,gcp_runs/prod-g2-standard-16-rgb-dataloader-gpu-topup-r2/results/image-rgb/pipeline/torchvision_decode_dataloader_augment_n10000_r2_w8_b256_dev-cuda_results.json;gcp_runs/prod-g2-standard-16-rgb-dataloader-gpu/results/image-rgb/pipeline/torchvision_decode_dataloader_augment_n10000_r1_w8_b256_dev-cuda_results.json,True,2.4733896255493164,2.83203125
rgb_dataloader_gpu,GPU DataLoader,torchvision,RandomCrop224+Rotate+Normalize+ToTensor,ok,True,False,3,1261.1679834820238,1263.5545063079155,24.272369158318416,0.0192095940754007,27.466771380153208,522.6318359375,2900.0,,gcp_runs/prod-g2-standard-16-rgb-dataloader-gpu-topup-r2/results/image-rgb/pipeline/torchvision_decode_dataloader_augment_n10000_r2_w8_b256_dev-cuda_results.json;gcp_runs/prod-g2-standard-16-rgb-dataloader-gpu/results/image-rgb/pipeline/torchvision_decode_dataloader_augment_n10000_r1_w8_b256_dev-cuda_results.json,True,0.5103826522827148,2.83203125
rgb_dataloader_gpu,GPU DataLoader,torchvision,RandomCrop224+Sharpen+Normalize+ToTensor,ok,True,False,3,1943.796855185515,1970.2153763475744,46.1488967122088,0.0234232750724748,52.22239276161205,522.642578125,2900.0,,gcp_runs/prod-g2-standard-16-rgb-dataloader-gpu-topup-r2/results/image-rgb/pipeline/torchvision_decode_dataloader_augment_n10000_r2_w8_b256_dev-cuda_results.json;gcp_runs/prod-g2-standard-16-rgb-dataloader-gpu/results/image-rgb/pipeline/torchvision_decode_dataloader_augment_n10000_r1_w8_b256_dev-cuda_results.json,True,0.5103931427001953,2.83203125
rgb_dataloader_gpu,GPU DataLoader,torchvision,RandomCrop224+Solarize+Normalize+ToTensor,ok,True,False,3,2096.670640101441,2123.4313572522665,79.50283684445117,0.0374407378759482,89.96592913682625,522.6416015625,2900.0,,gcp_runs/prod-g2-standard-16-rgb-dataloader-gpu-topup-r2/results/image-rgb/pipeline/torchvision_decode_dataloader_augment_n10000_r2_w8_b256_dev-cuda_results.json;gcp_runs/prod-g2-standard-16-rgb-dataloader-gpu/results/image-rgb/pipeline/torchvision_decode_dataloader_augment_n10000_r1_w8_b256_dev-cuda_results.json,True,0.5103921890258789,2.83203125
rgb_dataloader_gpu,GPU DataLoader,torchvision,RandomCrop224+VerticalFlip+Normalize+ToTensor,ok,True,False,3,2241.5702225231676,2236.016677704841,57.147093829596386,0.0255575436441981,64.66802441160766,514.5048828125,2900.0,,gcp_runs/prod-g2-standard-16-rgb-dataloader-gpu-topup-r2/results/image-rgb/pipeline/torchvision_decode_dataloader_augment_n10000_r2_w8_b256_dev-cuda_results.json;gcp_runs/prod-g2-standard-16-rgb-dataloader-gpu/results/image-rgb/pipeline/torchvision_decode_dataloader_augment_n10000_r1_w8_b256_dev-cuda_results.json,True,0.502446174621582,2.83203125
rgb_dataloader_gpu,GPU DataLoader,torchvision,RandomResizedCrop+Normalize+ToTensor,ok,True,False,3,2047.318551756182,2008.508163521348,101.90039678096598,0.0507343702314421,115.31115416355996,477.7529296875,2900.0,,gcp_runs/prod-g2-standard-16-rgb-dataloader-gpu-topup-r2/results/image-rgb/pipeline/torchvision_decode_dataloader_augment_n10000_r2_w8_b256_dev-cuda_results.json;gcp_runs/prod-g2-standard-16-rgb-dataloader-gpu/results/image-rgb/pipeline/torchvision_decode_dataloader_augment_n10000_r1_w8_b256_dev-cuda_results.json,True,0.4665555953979492,2.83203125
