regime,regime_label,transform,winner,winner_throughput,num_compared
rgb_dataloader_cpu,CPU DataLoader,RandomCrop224+Affine+Normalize+ToTensor,albumentationsx,4527.747738309672,4
rgb_dataloader_cpu,CPU DataLoader,RandomCrop224+AutoContrast+Normalize+ToTensor,albumentationsx,4645.639570365569,4
rgb_dataloader_cpu,CPU DataLoader,RandomCrop224+Blur+Normalize+ToTensor,albumentationsx,5274.913803622625,3
rgb_dataloader_cpu,CPU DataLoader,RandomCrop224+Brightness+Normalize+ToTensor,albumentationsx,5230.883823338855,4
rgb_dataloader_cpu,CPU DataLoader,RandomCrop224+CLAHE+Normalize+ToTensor,albumentationsx,3384.45160412926,2
rgb_dataloader_cpu,CPU DataLoader,RandomCrop224+ChannelDropout+Normalize+ToTensor,albumentationsx,5316.452380620635,2
rgb_dataloader_cpu,CPU DataLoader,RandomCrop224+ChannelShuffle+Normalize+ToTensor,albumentationsx,5086.627144872512,3
rgb_dataloader_cpu,CPU DataLoader,RandomCrop224+ColorJiggle+Normalize+ToTensor,albumentationsx,4255.088937760526,3
rgb_dataloader_cpu,CPU DataLoader,RandomCrop224+ColorJitter+Normalize+ToTensor,albumentationsx,4224.677428715556,3
rgb_dataloader_cpu,CPU DataLoader,RandomCrop224+Contrast+Normalize+ToTensor,albumentationsx,5258.2047627119055,4
rgb_dataloader_cpu,CPU DataLoader,RandomCrop224+CornerIllumination+Normalize+ToTensor,albumentationsx,3824.05418987048,2
rgb_dataloader_cpu,CPU DataLoader,RandomCrop224+Elastic+Normalize+ToTensor,albumentationsx,2954.0307791337787,3
rgb_dataloader_cpu,CPU DataLoader,RandomCrop224+EnhanceDetail+Normalize+ToTensor,albumentationsx,5033.135083628458,2
rgb_dataloader_cpu,CPU DataLoader,RandomCrop224+EnhanceEdge+Normalize+ToTensor,albumentationsx,4923.419845177329,2
rgb_dataloader_cpu,CPU DataLoader,RandomCrop224+Equalize+Normalize+ToTensor,albumentationsx,4304.379162154424,4
rgb_dataloader_cpu,CPU DataLoader,RandomCrop224+Erasing+Normalize+ToTensor,albumentationsx,5118.181694298492,3
rgb_dataloader_cpu,CPU DataLoader,RandomCrop224+GaussianBlur+Normalize+ToTensor,albumentationsx,5028.959211328799,4
rgb_dataloader_cpu,CPU DataLoader,RandomCrop224+GaussianIllumination+Normalize+ToTensor,albumentationsx,3655.891458281857,2
rgb_dataloader_cpu,CPU DataLoader,RandomCrop224+GaussianNoise+Normalize+ToTensor,albumentationsx,3321.2510747207707,2
rgb_dataloader_cpu,CPU DataLoader,RandomCrop224+Grayscale+Normalize+ToTensor,albumentationsx,5263.194581973169,4
rgb_dataloader_cpu,CPU DataLoader,RandomCrop224+HorizontalFlip+Normalize+ToTensor,albumentationsx,5218.143511078761,4
rgb_dataloader_cpu,CPU DataLoader,RandomCrop224+Hue+Normalize+ToTensor,albumentationsx,4697.977937631386,2
rgb_dataloader_cpu,CPU DataLoader,RandomCrop224+Invert+Normalize+ToTensor,albumentationsx,5491.894898125391,4
rgb_dataloader_cpu,CPU DataLoader,RandomCrop224+JpegCompression+Normalize+ToTensor,albumentationsx,4106.199380257377,4
rgb_dataloader_cpu,CPU DataLoader,RandomCrop224+LinearIllumination+Normalize+ToTensor,albumentationsx,4076.2646218444656,2
rgb_dataloader_cpu,CPU DataLoader,RandomCrop224+LongestMaxSize+Normalize+ToTensor,albumentationsx,1316.8638105134712,2
rgb_dataloader_cpu,CPU DataLoader,RandomCrop224+MedianBlur+Normalize+ToTensor,albumentationsx,4038.148979750936,3
rgb_dataloader_cpu,CPU DataLoader,RandomCrop224+MotionBlur+Normalize+ToTensor,albumentationsx,4614.752875594858,2
rgb_dataloader_cpu,CPU DataLoader,RandomCrop224+Normalize+ToTensor,albumentationsx,5084.525347676295,4
rgb_dataloader_cpu,CPU DataLoader,RandomCrop224+OpticalDistortion+Normalize+ToTensor,albumentationsx,3556.4438660851315,2
rgb_dataloader_cpu,CPU DataLoader,RandomCrop224+Pad+Normalize+ToTensor,albumentationsx,4866.595973293161,3
rgb_dataloader_cpu,CPU DataLoader,RandomCrop224+Perspective+Normalize+ToTensor,albumentationsx,3991.9726252808637,3
rgb_dataloader_cpu,CPU DataLoader,RandomCrop224+PhotoMetricDistort+Normalize+ToTensor,albumentationsx,4148.99100552892,2
rgb_dataloader_cpu,CPU DataLoader,RandomCrop224+PlankianJitter+Normalize+ToTensor,albumentationsx,4899.355059923485,2
rgb_dataloader_cpu,CPU DataLoader,RandomCrop224+PlasmaBrightness+Normalize+ToTensor,albumentationsx,2671.9837811482407,2
rgb_dataloader_cpu,CPU DataLoader,RandomCrop224+PlasmaContrast+Normalize+ToTensor,albumentationsx,2155.634253321533,2
rgb_dataloader_cpu,CPU DataLoader,RandomCrop224+PlasmaShadow+Normalize+ToTensor,albumentationsx,2795.5004539381484,2
rgb_dataloader_cpu,CPU DataLoader,RandomCrop224+Posterize+Normalize+ToTensor,albumentationsx,5318.989423072557,4
rgb_dataloader_cpu,CPU DataLoader,RandomCrop224+RGBShift+Normalize+ToTensor,albumentationsx,4830.704378265731,2
rgb_dataloader_cpu,CPU DataLoader,RandomCrop224+Rain+Normalize+ToTensor,albumentationsx,4528.476287471207,2
rgb_dataloader_cpu,CPU DataLoader,RandomCrop224+RandomGamma+Normalize+ToTensor,albumentationsx,5251.25801342494,2
rgb_dataloader_cpu,CPU DataLoader,RandomCrop224+RandomJigsaw+Normalize+ToTensor,albumentationsx,4868.344803782538,2
rgb_dataloader_cpu,CPU DataLoader,RandomCrop224+RandomRotate90+Normalize+ToTensor,albumentationsx,5086.526497876588,2
rgb_dataloader_cpu,CPU DataLoader,RandomCrop224+Resize+Normalize+ToTensor,albumentationsx,1333.7565195167397,3
rgb_dataloader_cpu,CPU DataLoader,RandomCrop224+Rotate+Normalize+ToTensor,albumentationsx,4782.327715185465,4
rgb_dataloader_cpu,CPU DataLoader,RandomCrop224+SaltAndPepper+Normalize+ToTensor,albumentationsx,4459.661821435879,2
rgb_dataloader_cpu,CPU DataLoader,RandomCrop224+Saturation+Normalize+ToTensor,albumentationsx,4581.65912827197,3
rgb_dataloader_cpu,CPU DataLoader,RandomCrop224+Sharpen+Normalize+ToTensor,albumentationsx,4821.655211523693,3
rgb_dataloader_cpu,CPU DataLoader,RandomCrop224+Shear+Normalize+ToTensor,albumentationsx,4261.200174545933,3
rgb_dataloader_cpu,CPU DataLoader,RandomCrop224+SmallestMaxSize+Normalize+ToTensor,albumentationsx,1328.7369796606447,2
rgb_dataloader_cpu,CPU DataLoader,RandomCrop224+Snow+Normalize+ToTensor,albumentationsx,4135.045604222957,2
rgb_dataloader_cpu,CPU DataLoader,RandomCrop224+Solarize+Normalize+ToTensor,albumentationsx,5338.813635495953,4
rgb_dataloader_cpu,CPU DataLoader,RandomCrop224+ThinPlateSpline+Normalize+ToTensor,kornia,753.1876182116495,2
rgb_dataloader_cpu,CPU DataLoader,RandomCrop224+Transpose+Normalize+ToTensor,albumentationsx,5230.601565203944,2
rgb_dataloader_cpu,CPU DataLoader,RandomCrop224+UnsharpMask+Normalize+ToTensor,albumentationsx,4521.635281919213,2
rgb_dataloader_cpu,CPU DataLoader,RandomCrop224+VerticalFlip+Normalize+ToTensor,albumentationsx,5301.694351161125,4
rgb_dataloader_cpu,CPU DataLoader,RandomResizedCrop+Normalize+ToTensor,albumentationsx,5056.20900585008,4
rgb_dataloader_gpu,GPU DataLoader,RandomCrop224+Affine+Normalize+ToTensor,dali,3805.9735959036593,3
rgb_dataloader_gpu,GPU DataLoader,RandomCrop224+AutoContrast+Normalize+ToTensor,torchvision,2561.893384972934,2
rgb_dataloader_gpu,GPU DataLoader,RandomCrop224+Brightness+Normalize+ToTensor,dali,3797.7690459193827,3
rgb_dataloader_gpu,GPU DataLoader,RandomCrop224+CLAHE+Normalize+ToTensor,dali,3730.619752153531,2
rgb_dataloader_gpu,GPU DataLoader,RandomCrop224+ChannelShuffle+Normalize+ToTensor,torchvision,3630.9020480266017,2
rgb_dataloader_gpu,GPU DataLoader,RandomCrop224+ColorJiggle+Normalize+ToTensor,dali,3742.4719932595017,3
rgb_dataloader_gpu,GPU DataLoader,RandomCrop224+ColorJitter+Normalize+ToTensor,dali,3817.7667562720076,3
rgb_dataloader_gpu,GPU DataLoader,RandomCrop224+Contrast+Normalize+ToTensor,dali,3759.255675616503,3
rgb_dataloader_gpu,GPU DataLoader,RandomCrop224+Elastic+Normalize+ToTensor,kornia,316.33419963426854,2
rgb_dataloader_gpu,GPU DataLoader,RandomCrop224+Equalize+Normalize+ToTensor,dali,3823.90627268608,3
rgb_dataloader_gpu,GPU DataLoader,RandomCrop224+Erasing+Normalize+ToTensor,dali,3791.3937358743783,3
rgb_dataloader_gpu,GPU DataLoader,RandomCrop224+GaussianBlur+Normalize+ToTensor,dali,3700.910678501528,3
rgb_dataloader_gpu,GPU DataLoader,RandomCrop224+GaussianNoise+Normalize+ToTensor,dali,3820.015122339706,2
rgb_dataloader_gpu,GPU DataLoader,RandomCrop224+Grayscale+Normalize+ToTensor,torchvision,3960.2815035576355,2
rgb_dataloader_gpu,GPU DataLoader,RandomCrop224+HorizontalFlip+Normalize+ToTensor,torchvision,5050.419231638885,3
rgb_dataloader_gpu,GPU DataLoader,RandomCrop224+Hue+Normalize+ToTensor,dali,3784.169050853031,2
rgb_dataloader_gpu,GPU DataLoader,RandomCrop224+Invert+Normalize+ToTensor,torchvision,4868.108269629351,2
rgb_dataloader_gpu,GPU DataLoader,RandomCrop224+JpegCompression+Normalize+ToTensor,dali,3786.2142519257072,2
rgb_dataloader_gpu,GPU DataLoader,RandomCrop224+Normalize+ToTensor,torchvision,6252.6494195069445,3
rgb_dataloader_gpu,GPU DataLoader,RandomCrop224+Pad+Normalize+ToTensor,torchvision,4634.323626609513,2
rgb_dataloader_gpu,GPU DataLoader,RandomCrop224+Perspective+Normalize+ToTensor,torchvision,792.0715914231072,2
rgb_dataloader_gpu,GPU DataLoader,RandomCrop224+Posterize+Normalize+ToTensor,torchvision,4725.747630216896,2
rgb_dataloader_gpu,GPU DataLoader,RandomCrop224+Resize+Normalize+ToTensor,dali,3523.1399410311906,3
rgb_dataloader_gpu,GPU DataLoader,RandomCrop224+Rotate+Normalize+ToTensor,dali,3808.5365410948593,3
rgb_dataloader_gpu,GPU DataLoader,RandomCrop224+SaltAndPepper+Normalize+ToTensor,dali,3824.420277623381,2
rgb_dataloader_gpu,GPU DataLoader,RandomCrop224+Saturation+Normalize+ToTensor,dali,3792.4858839285966,2
rgb_dataloader_gpu,GPU DataLoader,RandomCrop224+Sharpen+Normalize+ToTensor,torchvision,2303.8296951290795,2
rgb_dataloader_gpu,GPU DataLoader,RandomCrop224+Solarize+Normalize+ToTensor,torchvision,4130.2322889021725,2
rgb_dataloader_gpu,GPU DataLoader,RandomCrop224+VerticalFlip+Normalize+ToTensor,torchvision,5020.223417814098,3
rgb_dataloader_gpu,GPU DataLoader,RandomResizedCrop+Normalize+ToTensor,torchvision,4139.55474085695,3
rgb_micro_cpu,CPU micro,Affine,albumentationsx,871.7532756626172,4
rgb_micro_cpu,CPU micro,AutoContrast,albumentationsx,1242.743430812422,4
rgb_micro_cpu,CPU micro,Blur,albumentationsx,4448.693173803265,3
rgb_micro_cpu,CPU micro,Brightness,albumentationsx,6912.216546804513,4
rgb_micro_cpu,CPU micro,CLAHE,albumentationsx,282.9010925166607,2
rgb_micro_cpu,CPU micro,ChannelDropout,albumentationsx,6810.105072259891,2
rgb_micro_cpu,CPU micro,ChannelShuffle,albumentationsx,4337.437415170043,3
rgb_micro_cpu,CPU micro,ColorJiggle,albumentationsx,639.3140054339826,3
rgb_micro_cpu,CPU micro,ColorJitter,albumentationsx,641.4197256045485,3
rgb_micro_cpu,CPU micro,Contrast,albumentationsx,6932.767881994466,4
rgb_micro_cpu,CPU micro,CornerIllumination,albumentationsx,424.5629741124552,2
rgb_micro_cpu,CPU micro,EnhanceDetail,albumentationsx,2148.294978460695,2
rgb_micro_cpu,CPU micro,EnhanceEdge,albumentationsx,1373.273012371135,2
rgb_micro_cpu,CPU micro,Equalize,pillow,881.6823376096509,4
rgb_micro_cpu,CPU micro,Erasing,albumentationsx,9510.608708345007,3
rgb_micro_cpu,CPU micro,GaussianBlur,albumentationsx,2342.827240884492,4
rgb_micro_cpu,CPU micro,GaussianIllumination,albumentationsx,388.11047890173757,2
rgb_micro_cpu,CPU micro,GaussianNoise,albumentationsx,225.10470512938434,2
rgb_micro_cpu,CPU micro,Grayscale,albumentationsx,5193.888534187087,4
rgb_micro_cpu,CPU micro,HorizontalFlip,albumentationsx,8416.015495702672,4
rgb_micro_cpu,CPU micro,Hue,albumentationsx,966.9454166921922,2
rgb_micro_cpu,CPU micro,Invert,albumentationsx,15094.939774655906,4
rgb_micro_cpu,CPU micro,JpegCompression,albumentationsx,691.9828227138655,4
rgb_micro_cpu,CPU micro,LinearIllumination,albumentationsx,520.7455886509239,2
rgb_micro_cpu,CPU micro,LongestMaxSize,albumentationsx,2824.519974242959,2
rgb_micro_cpu,CPU micro,MotionBlur,albumentationsx,1952.549293510249,2
rgb_micro_cpu,CPU micro,OpticalDistortion,albumentationsx,274.4040268402377,2
rgb_micro_cpu,CPU micro,Pad,albumentationsx,13180.996601313322,3
rgb_micro_cpu,CPU micro,Perspective,albumentationsx,559.3804489651601,3
rgb_micro_cpu,CPU micro,PhotoMetricDistort,albumentationsx,580.9437844422818,2
rgb_micro_cpu,CPU micro,PlankianJitter,albumentationsx,2253.122937103939,2
rgb_micro_cpu,CPU micro,PlasmaShadow,albumentationsx,419.82724467834464,2
rgb_micro_cpu,CPU micro,Posterize,albumentationsx,14398.501864682527,4
rgb_micro_cpu,CPU micro,RGBShift,albumentationsx,2292.058727848394,2
rgb_micro_cpu,CPU micro,Rain,albumentationsx,1258.785623452335,2
rgb_micro_cpu,CPU micro,RandomCrop224,albumentationsx,38380.3389498277,3
rgb_micro_cpu,CPU micro,RandomGamma,albumentationsx,9937.66050905697,2
rgb_micro_cpu,CPU micro,RandomJigsaw,albumentationsx,5172.040746287774,2
rgb_micro_cpu,CPU micro,RandomResizedCrop,albumentationsx,7150.428706276953,3
rgb_micro_cpu,CPU micro,RandomRotate90,albumentationsx,5989.967463396571,2
rgb_micro_cpu,CPU micro,Resize,albumentationsx,2462.6859094983897,4
rgb_micro_cpu,CPU micro,Rotate,albumentationsx,1407.6146544751714,4
rgb_micro_cpu,CPU micro,SaltAndPepper,albumentationsx,737.745045285938,2
rgb_micro_cpu,CPU micro,Saturation,albumentationsx,846.6102459551875,3
rgb_micro_cpu,CPU micro,Sharpen,albumentationsx,1387.6136180112503,3
rgb_micro_cpu,CPU micro,Shear,albumentationsx,784.4190209777017,3
rgb_micro_cpu,CPU micro,SmallestMaxSize,albumentationsx,2017.4652898169975,2
rgb_micro_cpu,CPU micro,Snow,albumentationsx,489.3329742216671,2
rgb_micro_cpu,CPU micro,Solarize,albumentationsx,9759.52558243178,4
rgb_micro_cpu,CPU micro,ThinPlateSpline,albumentationsx,51.70549702156602,2
rgb_micro_cpu,CPU micro,Transpose,albumentationsx,4626.804451422197,2
rgb_micro_cpu,CPU micro,UnsharpMask,albumentationsx,906.0902007004582,2
rgb_micro_cpu,CPU micro,VerticalFlip,albumentationsx,14051.45011527143,4
rgb_micro_gpu,GPU micro,AutoContrast,torchvision,3942.248752278044,2
rgb_micro_gpu,GPU micro,Brightness,torchvision,5706.845846104597,2
rgb_micro_gpu,GPU micro,ChannelShuffle,torchvision,9557.423300137487,2
rgb_micro_gpu,GPU micro,ColorJiggle,torchvision,679.9759198903604,2
rgb_micro_gpu,GPU micro,ColorJitter,torchvision,686.9721949261277,2
rgb_micro_gpu,GPU micro,Contrast,torchvision,3274.001228274322,2
rgb_micro_gpu,GPU micro,Equalize,torchvision,2015.867668512154,2
rgb_micro_gpu,GPU micro,GaussianBlur,torchvision,2803.182369409111,2
rgb_micro_gpu,GPU micro,Grayscale,torchvision,8863.824475146137,2
rgb_micro_gpu,GPU micro,HorizontalFlip,torchvision,16083.824906623502,2
rgb_micro_gpu,GPU micro,Invert,torchvision,15936.050668485863,2
rgb_micro_gpu,GPU micro,Posterize,torchvision,15121.973345536915,2
rgb_micro_gpu,GPU micro,RandomCrop224,torchvision,15008.33157510807,2
rgb_micro_gpu,GPU micro,RandomResizedCrop,torchvision,3886.8831869845576,2
rgb_micro_gpu,GPU micro,Resize,torchvision,6472.709593521548,2
rgb_micro_gpu,GPU micro,Rotate,torchvision,1363.9033483367562,2
rgb_micro_gpu,GPU micro,Sharpen,torchvision,3332.525195973645,2
rgb_micro_gpu,GPU micro,Solarize,torchvision,10111.617443050693,2
rgb_micro_gpu,GPU micro,VerticalFlip,torchvision,16368.318327648714,2
